,,,,,,,
WW,January,,,,,,
WW,Su,Mo,Tu,We,Th,Fr,Sa
1,28,29,30,31,  1,  2,  3
2,  4,  5,  6,  7,  8,  9,10
3,11,12,13,14,15,16,17
4,18,19,20,21,22,23,24
,,,,,,,
February,,,,,,,
WW,Su,Mo,Tu,We,Th,Fr,Sa
5,25,26,27,28,29,30,31
6,  1,  2,  3,  4,  5,  6,  7
7,  8,  9,10,11,12,13,14
8,15,16,17,18,19,20,21
,,,,,,,
March,,,,,,,
WW,Su,Mo,Tu,We,Th,Fr,Sa
9,22,23,24,25,26,27,28
10,  1,  2,  3,  4,  5,  6,  7
11,  8,  9,10,11,12,13,14
12,15,16,17,18,19,20,21
13,22,23,24,25,26,27,28
April,,,,,,,
WW,Su,Mo,Tu,We,Th,Fr,Sa
14,29,30,31,  1,  2,  3,  4
15,  5,  6,  7,  8,  9,10,11
16,12,13,14,15,16,17,18
17,19,20,21,22,23,24,25
,,,,,,,
May,,,,,,,
WW,Su,Mo,Tu,We,Th,Fr,Sa
18,26,27,28,29,30,  1,  2
19,  3,  4,  5,  6,  7,  8,  9
20,10,11,12,13,14,15,16
21,17,18,19,20,21,22,23
,,,,,,,
June,,,,,,,
WW,Su,Mo,Tu,We,Th,Fr,Sa
22,24,25,26,27,28,29,30
23,31,  1,  2,  3,  4,  5,  6
24,  7,  8,  9,10,11,12,13
25,14,15,16,17,18,19,20
26,21,22,23,24,25,26,27
July,,,,,,,
WW,Su,Mo,Tu,We,Th,Fr,Sa
27,28,29,30,  1,  2,  3,  4
28,  5,  6,  7,  8,  9,10,11
29,12,13,14,15,16,17,18
30,19,20,21,22,23,24,25
,,,,,,,
August,,,,,,,
WW,Su,Mo,Tu,We,Th,Fr,Sa
31,26,27,28,29,30,31,  1
32,  2,  3,  4,  5,  6,  7,  8
33,  9,10,11,12,13,14,15
34,16,17,18,19,20,21,22
,,,,,,,
September,,,,,,,
WW,Su,Mo,Tu,We,Th,Fr,Sa
35,23,24,25,26,27,28,29
36,30,31,  1,  2,  3,  4,  5
37,  6,  7,  8,  9,10,11,12
38,13,14,15,16,17,18,19
39,20,21,22,23,24,25,26
October,,,,,,,
WW,Su,Mo,Tu,We,Th,Fr,Sa
40,27,28,29,30,  1,  2,  3
41,  4,  5,  6,  7,  8,  9,10
42,11,12,13,14,15,16,17
43,18,19,20,21,22,23,24
,,,,,,,
November,,,,,,,
WW,Su,Mo,Tu,We,Th,Fr,Sa
44,25,26,27,28,29,30,31
45,  1,  2,  3,  4,  5,  6,  7
46,  8,  9,10,11,12,13,14
47,15,16,17,18,19,20,21
,,,,,,,
December,,,,,,,
WW,Su,Mo,Tu,We,Th,Fr,Sa
48,22,23,24,25,26,27,28
49,29,30,  1,  2,  3,  4,  5
50,  6,  7,  8,  9,10,11,12
51,13,14,15,16,17,18,19
52,20,21,22,23,24,25,26
,,,,,,,
